1345898378455089154,NoMasPrianrdmc2021
1345898378438311940,Etsy
1345898378459230208,NotiMippCI
1345898378467684357,PowerGhost
1345898378446700544,StrayKids
1345898378446700544,スキズ
1345898378446700544,LeeKnow
1345898378463485953,ExtremistKelly
1345898378459107330,ありがとう30周年
1345898378459107330,新春
1345898378459107330,キャンペーン
1345898378459107330,感謝
1345898378459107330,福袋
1345898378459107330,メタボリック
1345898382649421824,HappyHolidays
1345898382628249600,NCT_HLA2021
1345898382628249600,HLA2021
1345898382657683461,横浜FC
1345898382657683461,中村俊輔
1345898382657683461,スパサカ
1345898386839494656,GaanaUsersChoiceIcons
1345898386831142913,Firefly
1345898386843705344,スーパードライ史上最高のうまさ
1345898386843705344,ビールがうまいこの瞬間がたまらない
1345898386839404549,垢交換
1345898386839404549,荒野行動アカウント交換
1345898386839404549,荒野行動
1345898386839404549,荒野行動データ交換
1345898386839404549,わらしべ
1345898386839404549,マクラーレン
1345898386839404549,ラフェラーリ
1345898391042215936,job
1345898391046336513,PapaBear
1345898391021051904,강민희
1345898391021051904,크래비티
1345898391042019328,ASTRO_HLA2021
1345898391042019328,ASTRO
1345898391042019328,아스트로
1345898395227942916,マイプロテインのBCAAがオススメです
1345898395219578881,イオン新春祝市
1345898395240566784,มู้ดจึแฟชั่น
1345898395227942913,BeatYourBestChallenge
1345898395227942913,BeatYourBestChallenge
1345898395236352001,오전이도_스밍하전
1345898399414030341,2021Bicentenario
1345898399413936128,EXIT冬のオフショットFES
1345898399439196160,sherlock
1345898399439196160,ночьшерлока
1345898399439097858,TENvsHOU
1345898407827828737,2021Bicentenario
1345898407827824641,Áries
1345898407789907968,フリトレーをぎゅっ
1345898407811035139,ASTRO
1345898407811035139,아스트로
1345898407811035139,JINJIN
1345898407811035139,진진
1345898407819239424,芹沢あさひ生誕祭2021
1345898407802581005,PatriotsInControl
1345898407802581005,WethePeopleStandWithPresidentTrump
1345898412009349121,イオン新春祝市
1345898411992649729,環境や習慣
1345898411992649729,知ってるワイフ
1345898411984211969,NCT_HLA2021
1345898411984211969,HLA2021
1345898411996790791,MondaywithBamBam
1345898411996790791,BamBam
1345898411988406274,katsuma
1345898412021932032,디엠
1345898412021932032,살색계
1345898412021932032,가슴
1345898412021932032,f컵
1345898412021932032,자위
1345898412021932032,여자
1345898412021932032,오프
1345898412021932032,성감마사지
1345898412021932032,토닥이
1345898412021932032,오일마사지
1345898412009525248,NFL
1345898412009525248,GBvsCHI
1345898412009525248,WASvsPHI
1345898416191262720,2021Bicentenario
1345898416187052033,ParaguayosXElMundo
1345898416203677698,おうちで楽しくすごそう
1345898416203677698,ファミマ
1345898416195309568,ROBUX
1345898420381372419,ترامب
1345898420410724354,RevocatoriaClaudiaLópez
1345898420410736640,백현
1345898420410736640,BAEKHYUN
1345898420381351938,FGO
1345898420381351938,FateGO
1345898420389748736,StrayKids
1345898420389748736,スキズ
1345898420389748736,LeeKnow
1345898420372869120,花キューピットの運試し
1345898420372910080,CMAs
1345898424571490304,NewProfilePic
1345898424588148736,PresidentPelosi
1345898424583897088,YUTA
1345898424583897088,유타
1345898424583897088,中本悠太
1345898424604872704,NCT_HLA2021
1345898424604872704,HLA2021
1345898424600674304,TheCookingGene
1345898428761395205,ありがとう30周年
1345898428761395205,新春
1345898428761395205,キャンペーン
1345898428761395205,感謝
1345898428761395205,福袋
1345898428761395205,メタボリック
1345898428786589697,SEOKJIN
1345898428782374912,StopTheSteaI2020
1345898428773978112,JIMIN
1345898428773978112,v
1345898428773978112,Thanks
1345898432985227264,BBTVI
1345898432968286209,MeAndMyAstrostuffs
1345898432993529857,フリトレーをぎゅっ
1345898432972484608,ひまあーと
1345898432955727874,PS5Cash
1345898432985137152,ゴルフ
1345898432985137152,ゴルフレッスン
1345898432985137152,ゴルフ初心者
1345898432985137152,golf
1345898432980951040,rt
1345898432993636352,nsfw
1345898432993636352,onlyfans
1345898432993636352,milf
1345898437154377729,RaiderNation
1345898437162766336,PS4live
1345898437150081024,環境や習慣
1345898437150081024,知ってるワイフ
1345898437162758146,GoTitans
1345898437171007488,imgxonlybts
1345898437150089216,いつかきっと弟子屈で
1345898437150089216,川湯が熱い
1345898437179445248,ExtremistKelly
1345898441361281025,Eugene
1345898441369669638,Consequences
1345898441369669638,fuckers
1345898441378041857,2021Bicentenario
1345898441352728576,DBH
1345898441352728576,アバラボDBH
1345898441352728576,ドラゴンボールヒーローズ
1345898441373749249,ParkHyungSik
1345898441373749249,WelcomeBackHyungsik
1345898441365311489,セブンイレブン
1345898441361084416,NCT_HLA2021
1345898441361084416,HLA2021
1345898441356898306,Haikyuu
1345898445538791431,VENEZUELA
1345898445538791431,HolocaustoChavista
1345898445559762945,로제
1345898445559762945,ROSÉ
1345898445555511298,ATEEZ
1345898445555511298,에이티즈
1345898445572214784,スズキの初売り
1345898449758277635,3Ene
1345898449758277635,2021Bicentenario
1345898449737297926,NCT
1345898449737289728,2021Bicentenario
1345898449737117696,빛
1345898449762279424,緊急事態宣言
1345898449762279424,Amazonの初売り
1345898453931499522,모아트친소
1345898453931499522,트친소
1345898453931499522,돌판트친소
1345898453960777730,洋服の青山
1345898458130116608,SidChang
1345898458130116608,fanart
1345898458130116608,TheLoudHouse
1345898458130116608,Nickelodeon
1345898458130116608,TheCasagrandes
1345898458125914114,PrevenciónDelSuicido
1345898458125803520,福島県動物愛護センター本所
1345898458125803520,全６管轄ご高覧可
1345898458142543873,IdentityV
1345898458142543873,第五人格
1345898458155139073,サバを生で食べたい
1345898462320054272,imgxnct
1345898462320099329,ExtremistKelly
1345898462336884738,旅するプリンセスへのQUESTION
1345898462336884738,時速160km
1345898466547961856,meijimill
1345898466547961856,มจม
1345898466547961856,เมจิ
1345898466514329600,BAE173
1345898466514329600,박준서
1345898466514407424,パズドラ
1345898466514407424,ミラティブ
1345898466514407424,配信
1345898466527105024,Packers
1345898466527105024,Bears
1345898466527105024,NFLPlayoffs
1345898466539491330,เมจิ
1345898466539491330,meijimill
1345898466539491330,มจม
1345898466543747072,コロナウィルス
1345898466543747072,非常事態宣言
1345898466518519808,JIMIN
1345898466518519808,꾹이생일ᄎᄏ
1345898470729797638,ASSAULTJINXED
1345898470742265856,ArtsOfAshes
1345898470742269957,Sedition
1345898470742269957,Treason
1345898474911510528,TheWatch
1345898474932473857,민혁
1345898474923909122,akita
1345898474923909122,秋田
1345898474923913217,まいにちリラク
1345898474923913217,クーポン
1345898474923913217,マッサージ
1345898474928222214,Steelers
1345898479093166081,CFBPlayoff
1345898479093166081,RollTide
1345898479122407425,フリトレーをぎゅっ
1345898479105806338,TREASURE
1345898479118331904,PS4share
1345898483308490753,top
1345898483320983552,BeatYourBestChallenge
1345898483320983552,BeatYourBestChallenge
1345898483312574465,QUOカード
1345898483291541505,USMNT
1345898487481823237,2021Bicentenario
1345898487511187456,BaseForte
1345898487511187456,RaizÉSerVasco
1345898487502819330,FraudSquad
1345898487485923328,fukushima
1345898487485923328,福島
1345898487494356994,ARAUZ
1345898487494356994,ArauzesBolivar
1345898487490236417,relationship
1345898495883022337,Browns
1345898495899787266,twitch
1345898495899787266,littlehope
1345898495899787266,thedarkpicturesanthology
1345898495870287872,図鑑MOVE創刊10周年記念
1345898495870287872,12月のプレゼント
1345898495903846400,セブンイレブン
1345898495891353602,ExtremistKelly
1345898495899627525,珠理奈HOUSE
1345898495899627525,YouTube
1345898495899627525,SKE48
1345898495899627525,あけおめ
1345898500081463298,NASCAR
1345898500094001152,Sloman
1345898500089778176,AnnonOfficial
1345898500089778176,gin_Annon
