1268259260389036038,false,tt_dabel,243,197,1720
380681577,false,benjaminflore13,39,97,3017
1344419190472663045,false,raadisherenow,14,115,139
1157623039091249158,false,tiamw_nz,928,875,3323
3307318783,false,Dan_ged,2267,1447,15343
820433067567353856,false,kassarfair,2596,2552,29866
286301432,false,ataideweber,692,679,63129
845281327750483968,false,makeupfan1998,79,526,4930
1224783779845300224,false,WONHOKISS,961,1581,45416
978088764005388288,false,DharmiekS,125,95,7231
150142478,false,SergioGonzalezF,3651,4143,338501
18779960,false,nodtomodvintage,3647,2097,135946
2749835565,false,Beeouttda9,300,151,16534
1306737348567347202,false,ANAMARQ02992588,100,30,20510
2984075589,false,tkeri_xo,412,290,30676
1125159967290482688,false,xchrista23,118,628,4586
2185130347,false,Eman78329563,911,1663,15604
59500089,false,salpepper,454,1111,123374
177189297,false,mimodrame,200,122,113838
1305155532794331136,false,jngwdust,1188,1189,18026
419238022,false,Tildys,1987,2897,38705
1205329695547559946,false,yellingbucket,43,314,3354
547457918,false,APNHiiii,158,658,180932
931003484622569472,false,erikadtngn,316,313,1570
1097851,false,neoblog,17936,2686,9386
942773226668560384,false,hoshihika_ru,822,1326,109039
1191509674870198272,false,tinker_bell_024,105,1111,17289
1315686710307553283,false,CeliasBoyy21,18,243,120
286332390,false,StuartBudd1,9625,8305,87360
3244986294,false,MMMZZZVB,199,4989,178711
956337641154404352,false,vittarbarbz,585,567,11421
716718250164232192,false,TrefaultPaulina,4552,4711,116347
1070960596357509121,true,Genshin_7,897029,18,2130704
1145956207582072832,false,prolibvet,11,56,4463
928701140581146624,false,euacarolsq_,126,219,1359
1302967362296123393,false,_JEONSTAY_,411,384,1772
1206969565894316032,false,jesseluvsdev0,377,348,12948
1195316755817582597,false,thepabitra_,2041,1285,2455
1119247960494178305,false,MorphoB_,37,133,2736
961360219711340545,false,gloria_silva21,307,227,12369
1345017435217395713,false,encormoie,108,92,570
957873415167365120,false,TeddybearTaeV,944,1265,50907
1298746663679520773,false,moreno_ilusao,218,240,960
2979391024,false,Roy_Zdo,71,136,1252
1064633601977929728,false,wedgeof_destiny,11,139,153
242356171,false,Suldo3311,3968,3936,44456
1257523942513938432,false,SolRecall,779,1000,25961
1008867941893337088,false,Ellanatividad6,54,228,555
1300037052172398592,false,kakoko_kako123,53,71,1224
1226441915513487360,false,Iroha_Truth,17,7,740
911778510049390592,false,Dennisriordan4,10853,10860,132613
860298484251074560,false,rrsbirdie19,41,774,20286
1192205429494964225,false,TniaJosedeSFei2,5313,5842,23907
4781096596,false,kiaraluv01,363,351,5417
836947381,false,rrofb,307,240,149000
626487687,false,DustyMathere,1593,3371,10867
1342006525481504770,false,QS91khs7TEexPZe,0,1,246
749106136247250950,false,Souma_100,87,109,5797
808122674459181056,false,_umineco_,109,174,6174
3103940808,false,firstarcy,238,1325,132368
1267137020469510145,false,fteegee_,653,1608,1522
1308256496451375105,false,8691GB,327,84,5334
1074948191420788737,false,softneoman,20,255,17203
1458029870,false,lilsxgarplum,1406,419,21952
1298844680684093443,false,Raditya60988493,40,876,1035
951767257473998850,false,___moccchiag,130,150,4614
2253427434,false,myon_otoge,186,144,48782
256791076,false,Kevrok805,905,1990,10674
1124237968980340736,false,xLilyL_,582,300,10459
97077354,false,rikka_a,782,513,113642
150165941,true,SKYserves,109414,13483,487986
895828248721989632,false,Resonance0317,170,594,30166
1453040372,false,1969_kangaru,149,31,53555
1268558478563409920,false,lverkimchaezz,912,1063,9575
1091830207021903872,false,hacchi_tiri,143,149,8762
1569324392,false,0105Yakyu,133,184,1325
1342462128599433216,false,sunnytbzluv412,180,209,2498
1277910395898994693,false,cupidjimim,2859,1405,39063
1095305784592785408,false,CamoGallavich,500,288,51447
861289935617306624,false,elisareinher,671,548,10501
1338597598568050708,false,GuguBlackOFC,139,155,2345
1330359676320571394,false,sweethouis91,662,708,7622
2636359018,false,ZenairS,35,90,1645
1331706329346486274,false,cinzamor,54,70,437
1007371126618673159,false,Puma46138694,65,3271,10354
65019636,false,msmeganl,1654,2611,25525
1139480692004466689,false,LENICEHADES,33,46,1800
1120455672708120576,false,Flixsdn1,5,125,127
1296827555354488832,false,chnniesblu,76,189,6147
1325611597155328001,false,HaliliJhap,40,56,150
3393013192,false,AlftaraDiana,1971,4977,77593
4239199640,false,carupaneraxthot,521,470,32532
1288131128491114497,false,Felfi0,31,155,1217
719072526,false,DiscipleX1,988,184,42463
2493734239,false,evclet,1368,1351,2294
1064275097102495744,false,Awkward0ne,71,191,6946
1021788326188208128,false,jaedeveraux,363,758,47739
1345628907781951488,false,LeMudpi,3,106,63
967498061269348352,false,WolfgangUtten,3558,4543,32738
45097639,false,MarkParisWill,5,10,339
570262040,false,Themezu,1154,615,50386
1226371984264552449,false,luuvyurself,810,610,19795
510210579,false,tradermatt106,3798,450,45856
1283006895238770688,false,hhjstray,1191,1374,14726
63110426,false,Polaris_sky,10403,824,88901
1228564628810031105,false,Jobrik2,10746,10591,73669
872820221593047040,false,JuanBar38211321,519,1091,23550
57871450,false,junglefruits,6356,6758,212140
255409957,false,kimsajang42,11,194,529
947324207960023040,false,ultsoftie_suho,210,937,9857
561669474,true,asahibeer_jp,1087068,25,11500763
219130716,false,L16950,4486,0,2113
1537125942,false,BeatrizBrugin,1167,521,13466
1191029044118204416,false,caramel_dazaist,502,522,28421
887769644228128768,false,baeksoftn,445,754,19212
3102329716,false,_Junnie__,86,74,19852
1297895842469351426,false,iR3NBiN,458,489,35660
1279462825631592448,false,killmysugarr,13882,2824,43041
801013514,false,mandimandimand,1547,2460,37681
1241958275970727936,false,mirellaann__,257,442,39016
144393310,false,sexflixoficial,287974,5,17041
1212203222636494849,false,soft0309,91,152,6726
451835716,false,aTrishaYonce,1987,1263,240780
834071980332687362,false,Knightmare_SSB,173,340,4726
4549047099,false,bo_soud63,2920,1186,34575
2578876393,false,S_favorima,30,16,32620
32507109,false,ROTFLMFVO,2725,3022,96696
1149508607597318144,false,ScottyStops,253,720,9585
817441452154376193,false,Brian300blk,4302,4677,48626
1023273123754455041,false,qiiiiji,366,344,14657
2486944536,false,romanoriego14,46,285,1360
1267727452547104768,false,H77J05,2743,2499,10660
4030203792,true,AEON_JAPAN,828436,10,8205378
1674241146,false,starslight13,349,943,26692
913889524886802432,false,dwirosss,3903,905,24676
1345199431272996864,false,Chi_519,54,1,48
627053167,false,zocjung,4956,581,39701
1334065130884182018,false,crak_n,20,22,1334
220643635,false,ljvillarroela,696,2988,26395
1318206089716932610,false,yukimagrowww,0,7,7
1285516332637679616,false,alienations_,208,357,990
841314996567052288,false,theenarelle,1308,423,3266
474287971,false,alexiapeepee,1174,426,5327
1290329053937819648,false,ULTJISOOYA,401,384,7549
41519330,false,FourYearPuma,443,779,27171
388549851,false,dopeboy_D,614,570,20012
212408619,false,custard_whip,27,345,3528
1463772494,false,oh_uton,29,58,9030
1247531160667709441,false,candyminheex,481,552,41398
82544871,false,MOOPANz,163,366,126357
800823206,false,Jae_Jae55,1231,909,7692
1147343234089148416,false,MUt3Pw8OHQ8cbqC,5,536,7658
833134253651087360,false,jynihyz,18,786,34637
1240263541250093056,false,basty15265,470,4996,28839
1075726187610071040,false,UberEat89277534,18,0,14438
1194512789273841664,false,rohaapple_,279,370,7669
2894539730,false,smshinee78,487,368,25960
3171666055,false,victoriaservinn,46,44,2288
1323956536515858433,false,kahmbe,98,146,10666
1085179500629962753,false,Ahaaa_O0,0,283,13954
1248279889607868421,false,SpFlorindoMaria,99,124,665
1060667711645253636,false,Vulgo_sorrizin,655,1125,6317
1175876585125294081,false,sunoopetals,2436,2283,22707
1295173580695592960,false,_Mintyoongi7,1531,876,37467
1226149267267559424,false,lslloh,819,753,37857
219469968,false,Xomonet93xo,177,385,8138
1287267377571344385,false,pretinha_778,623,418,2851
1272352316142882816,false,lascazademonios,1202,633,11084
1273533419218231296,false,eneess08,784,795,555
1035305356619079682,false,notlessss,129,138,679
1407367183,false,MedicareAdvice1,6258,6838,8662
1283582102030684160,false,starrsyoon,2093,2328,7103
1316082928162672647,false,tomavnsm,62,137,2286
122177989,false,Samir_u,752,1332,2133
1314373206627807232,false,queilaaaan,1506,2473,18825
1302979166506229762,false,matryoshwng,423,388,2913
2202042121,false,TheSpasticGamer,77,124,19134
94344007,false,GetCollege,6540,4155,100212
1168564014261161985,false,lunarsitotaetae,399,499,17392
4030203792,true,AEON_JAPAN,828436,10,8205382
1144995579300237318,false,5PPY3Gi3Z5RjmTZ,2,17,934
1023699970728181760,false,xx_Vienna_xx7,31,721,3028
3119109991,false,shimosatolab,1685,2019,6260
1273136086810873856,false,Carloss62407691,20,44,231
106841273,false,doguido,960,421,16221
1305808362831921153,false,takoyakifirst,358,229,12756
769604628,false,_mar24m,526,186,167173
1258532798580883456,false,CHittaloves,555,747,11740
138415743,false,takafee2010,452,905,128526
1220021999927320576,false,kakinohitomo,119,255,8550
1006125392053264386,false,AryaKsitigarbha,217,195,7540
793824992102232064,false,myaacats,476,297,27584
1340675250896265216,false,SKZ_lover2008,188,254,5240
2928924621,false,okjustln,614,95,17435
1181112539721035776,false,teru6838,789,917,19620
812865825916866560,false,MuscleYoujo,479,703,68220
1233180353591992320,false,Baldycomics,54,231,2138
1084632890946637825,false,juliewithlie,48,270,3828
521148607,false,yanminchil0816,21,367,2882
1149283767971827713,false,phuamaimy,47,1304,4262
957463329370329093,false,namjaebum86,68,486,35064
1335867711394467841,false,wiepFZvjwXBoY46,215,213,4276
3019169658,false,pori_shi,326,1000,105842
818799256047714305,false,ComradeUsagi,71,522,3522
537340534,false,negonalopes,750,377,21089
1125874948730445825,false,drasticbmatt,18,0,45551
1337036349539569669,false,Ofeliamar5,167,111,17259
1274783398914121728,false,bv1il,32,122,789
2362017578,false,Alberta_PR,4140,4855,323703
886347241593737225,false,coglrd,126,458,3207
1219376515445555200,false,Nonaaz77,48,59,200
253660573,false,yamilagunther,312,139,21550
1327677280282431491,false,A7med_Ghabour,40,46,41
1076773896089673728,false,blkr00,4182,4097,8214
1302952069494706177,false,MC_Redditor,263,265,14440
490591390,false,poe_txia,61,245,2273
1124294708769902592,false,bqt_momoa,204,130,1827
308834564,false,AndreaRPJ,740,527,25907
519963356,false,DustinRizzo,122,237,1895
1241885050498506753,false,Bachase4,4130,5000,9928
1221419093414170625,false,Yakiepanda,112,148,12671
1099841949236785152,false,xxxxpipipixxxx,18,27,453
107994330,false,shiro_inoue,968,943,36689
2722883911,false,daphvi,909,486,5735
1325249809872162816,false,Kamal_7860,66,143,124
852797504,false,PrinceBugatti,2261,2498,3172
966541367445893120,false,Air_pspslovely,22,311,62412
859014553,false,ImAllinMAGA,8912,8541,309127
517749565,false,anuarulpaeh,485,392,76030
1256502557406461953,false,AchaExit,218,242,3848
64825682,false,block30601,6737,10017,60034
1179168357737615360,false,carlinecanopy,147,334,40454
1287533366506479616,false,yonangames,243,240,1848
1280216129827491840,false,pizzawithcori,407,404,1596
998412849880842240,false,juntaCompass,663,332,43957
776376794,false,izziee_xo,605,1088,34424
839821681627627520,false,camargoviniusci,149,211,2793
973598447289995270,false,umguilermes,356,479,25073
1136465041925070848,false,Sandra71904088,34,465,1429
1280408452867686400,false,spankwhore,621,745,16882
1078863161648922624,false,Juanchuu_05,288,265,1385
970466585449201670,false,danysbird,2390,926,32239
730101625553981440,false,thebookhowl,1262,621,5138
842902405184413696,false,LORDCTN,53,567,5083
1724476477,false,bridgertai,744,162,67413
1549410662,false,its_laesha,1182,1022,10894
774614677200535554,false,massariol__027,526,357,1191
1076704738694041605,false,thegoodwordsbot,74,142,2643
1324862979389722625,false,hlwinter_,441,556,4392
963412038549618689,false,SongAlive1112,123,68,109456
824591857648668674,false,amirul_azmer,92,150,12558
1310931435885268992,false,twilight_0_468,37,67,84
1269488914978312192,false,seungmallows,2569,1668,22503
2607530773,false,yogrevvv_bot,71,88,72727
23263623,false,Gastein,371,1599,20614
227903180,false,0724Parebong,107,141,52375
1301325557959766017,false,starcat_vtuber,368,290,14423
1200428244345876480,false,umeboshi0415,1172,1174,15958
1318806843217514497,false,daydreamhyunjin,641,621,8782
1664497574,false,henryyecid1,24,72,1769
766463784718331904,false,schwxnn,59,185,55021
1218004357267914752,false,SE0NGWAP,365,611,5102
2730688088,false,norelymariea,416,385,4605
387274847,false,Luismi_Soler,873,961,77209
2172882194,false,therealjbkay,3156,3555,20826
1140179252056248320,false,kkkkkkarr,25,2184,49629
3937487298,false,ZackStone14,49,710,2312
1198392193439789056,false,cumswhoree,84,520,2828
2877393550,false,pozopack,406,270,10551
1255938141011226627,false,parkjwooyuh,92,314,3233
894950372413812736,false,SirRobinH,9496,6107,203560
1164102914287124480,false,Charming_Bonin,57,88,37334
1226236048021151744,false,Spencer97313600,114,206,21571
1317591530597593089,false,pinononono__,22,56,81
1344025435575898114,false,blveIxghts,67,66,431
1090428648321138689,false,yumeschultz,256,210,3896
2873470143,false,sohila_hesham1,2571,3544,85604
1103048383995039745,false,mariarosaf_,20797,102,5655
1155817010024112129,false,holynotharami,18,56,46
2340369782,false,crisoechsler,151,1220,5486
1342906951106252800,false,GonzalezPao8,29,88,1069
70395935,false,Philwigger,225,448,3642
118490325,false,Okoriwolf,431,1808,18843
1244103033325268992,false,tadoidoCris,12,198,418
4006821375,false,kaedickson,206,320,1130
299056682,false,kelanakemanaya,366,154,10880
1016295990452727809,false,LincolnPine,846,4992,46405
1061192281389182977,false,fearlssaloysius,493,805,18493
1223369145703653377,false,imanne_xo,468,425,13937
1153476858350100481,false,BertozziCherie,1526,4178,2411
1716636187,false,Erishtar,311,286,12349
1295791665622335488,false,_h_mini_1014,86,140,1350
1892028229,false,kobachan42,476,2713,25740
366607015,false,FRANCISCOGARC82,3343,3310,184642
1305659809082093569,false,peachymyungj,186,313,4186
1197852796722143232,false,Ran__525,1328,4843,27823
1255957686472060929,false,WomanAwakeOne,1136,1719,529
1327783764034875392,false,ItadoriOfficial,3532,1024,7703
1020671499798114305,false,vllmrjade01,242,228,3502
1541950776,false,SherrieGenetti,2562,3466,63025
1216726908655636482,false,winterrainno,167,98,28330
122568275,false,tsunhochan,257,2379,44581
973857345078943744,false,AKUMA73096738,1274,2652,20487
1265544781142294528,false,INNlTS,920,772,6361
1025150366051131393,false,exapacheman,2740,3387,1829
853094515271278593,false,gouraijinkoku,979,313,150004
812166977338753024,false,hobseoka,372,474,13030
1327659051958865921,false,CatLadyAnn1,1297,1311,2281
764683154682580992,false,_hakimyusra,287,418,34383
273797351,false,krudell,7932,559,13424
1147336691742457857,false,comikasi,415,251,1411
1232532055914876935,false,lxlhy,1260,790,83141
1070488069680316416,false,CorreaTufic,236,342,9053
3433546882,false,vctoria07111,190,402,9757
457023377,false,J_P_WALKER,264,192,11337
816700970440818688,false,Bruh_schaeffer,1388,907,28748
4696204694,false,JevsYb,95,70,7861
1039969070463045634,false,mirocatt,785,564,10145
955222984314249216,false,XtianKnight,23,131,3934
1174863034730389512,false,Brown_Orch,249,295,13129
1143636806828773377,false,seleee1899,78,83,1236
278254316,false,RAIJINED,848,1502,43416
342316991,false,umjirich,541,441,30978
2363146033,false,Copper08,3009,4955,73796
1242738740306608129,false,madamjay66,43,692,20605
1332982815672197120,false,org_eb,3,21,2648
2896599803,false,papaNplus10,275,378,3125
845273549682159617,false,FVC1298,154,181,1043
851227145603092480,false,lorem7172,308,21,69599
953478890382614528,false,denissev0301,68,74,2241
714956329727692805,false,FLNative66,117,333,11375
710740782601252865,false,inujiru2016,10,13,2446
1286511711436992512,false,txtstro,1165,1110,15551
817711261320232960,false,kaaos_sei,1924,1040,39003
376091356,false,janebalmonte,153,141,2757
1070370081950044164,false,DddW12288593,7,139,46
1223065063084285952,false,bito_hoshi,41,65,1811
1299612368872157184,false,hidesal10,0,50,294
1330426423333576706,false,Tsukasa__Knight,66,66,3135
914004791726084097,false,sbreannl,1073,193,2620
1062357012166598656,false,illlilt,7,83,10865
1336664225981329408,false,jamal_ginsberg,193,799,2809
1081176146853748737,false,CourcheneRa,12,89,4465
312058996,false,smilenekomi,235,811,85417
4177074732,false,_o_kura_,2325,1588,7243
1328928323670482944,false,TAEILDRONE,238,256,3454
1252146133062696961,false,nxtchuup_,688,855,18757
604932009,false,paularitchie3,227,282,146897
1221131645454913536,false,MCMLXXXII1,8,56,2540
1146916539209310209,false,hmisokx,246,434,19153
1145582876328628224,false,albert79934,38,385,501
1146276915138854912,false,zpismainstay,13,149,24256
4708736714,false,apple38272,65,177,1912
1241701934697857026,false,DaeJoGimCF,204,223,36513
1297796432846417921,false,iwiIIkiIIagain,121,108,35683
1195879553626820609,false,INITIALCW_FMCW,1367,1198,15653
943624300019331072,false,jangjungin21,1,2,143
389803612,false,sseazea,265,184,98231
107594279,false,cervera16,323,580,20168
798951962146279425,false,YSX_girlfriend,1620,71,33498
1282629230682157056,false,adristZ,900,661,34306
1260217394011799552,false,Asmok14,61,403,1221
1038439893100310530,false,oomoo97,3255,964,20211
1130923876433760257,false,leticia_r_n28,73,141,877
1327090421378527237,false,8abo1,59,1865,3682
1307161594577772544,false,BebeFurlerstar,1016,1159,7334
1304328911493443585,false,rapebaitgf,119,87,6368
1308138990550355968,false,oikawas_armpit,388,480,2218
1300759495333892096,false,ftdtblue91,1545,1232,18187
1300476651688599553,false,iHESFRAT,2430,2147,16051
790878160460058624,false,Mo4ElSharkawy,873,678,22099
1201600799815671808,false,Alex_Mommy00,379,498,2989
1190580963081883648,false,6_su1,13594,2797,42859
1267935145019035649,false,gbk252,99,620,13589
1335037397898293249,false,mateo_oeta,32,643,763
3917736022,false,tks1634,71,205,81332
1193602919062556673,false,_youaremeiamyou,117,573,6059
1308137063091523584,false,Reinalopez2020,202,123,16823
1022688630744203264,false,StrengthNumberz,1964,216,7583
1155260916897931267,false,lxvatto,2093,2094,4707
1341221380302487552,false,mountain77734,195,453,3615
1262412946950545413,false,fightme93,160,273,3904
1286506538,false,SRMillar3,1734,829,131474
966434557955334144,false,slythamxfy,8460,8715,33313
3587444414,false,TrapRono,518,510,8916
280766486,false,riporip,1557,5001,228762
980796817326485505,false,cricholictssd,187,287,13053
1296279155886051330,false,Marrkkkkrawr99,1870,2086,13195
1255220956190162947,false,raaybad,78,185,13799
1197880308575563776,false,nichijyo206,49,397,17956
1265652811351670784,false,castelhaven,68,366,1927
102946553,false,aeny_wrt,916,252,47280
1279555070950928384,false,SkyGagerVA,278,478,461
462698914,false,pnkspn,123,204,53632
241104183,false,siya405,235,313,97240
1248196596858097664,false,KevinJo18173477,11,177,4438
3433324715,false,OliverStreet76,135,225,2995
2261466926,false,Kaninz_,123,128,89905
737271203363053570,false,btppc,113,507,28340
1284126827066224640,false,MywCre,200,709,3808
1129878289,false,GaryFunkBroncos,797,1070,16210
1088798812049559553,false,ludic_jha,480,988,14962
14936746,false,jamila13us,9126,9999,68799
1180044800239652865,false,PatLovee2,1,53,2380
827676047994937345,false,ujtsin,43,403,1857
454648778,false,stevie5280,35,538,210
819906547761479681,false,carolmiiyake,183,199,3710
2544914191,false,GinaLawriw,9497,7120,983328
1055394164211236864,false,_hutatu,493,219,619
1290001853405712384,false,91iLUV,1073,783,18747
1185969443064692738,false,chavesss_20,149,126,15456
1081190188037128192,false,Savage_Lifex,382,149,2101
1267151942108827649,false,wuvq_,2435,2561,1625
499026680,false,Albazalaza,3174,340,146376
1263255777663504385,false,yingyxion,520,500,1305
978298417859481600,false,jcamilotorres0,122,221,2586
1700473992,false,itz_nurrie27,599,535,22595
959599339256647680,false,molinagirI,1959,1540,67303
49790503,false,NicollyPrazeres,589,135,34226
1024694533764907008,false,marjoriebsantos,71,139,3209
1330690714821414912,false,larissasenor,0,1,1
1254518364963307522,false,annalololololol,18,71,895
1281220743246811136,false,2007Izzyy,18,10,1712
1338141121663348738,false,sjUp6q3ZwADM5cZ,47,923,1937
1668857678,false,j0viane,166,648,4666
3368407881,false,marcela68288336,2738,2965,34179
461248785,false,Olupaul_,274,406,4751
1148204035306131457,false,David58669572,143,111,6727
1163567819990163457,false,man_fontes,5,108,8
991381188085510144,false,arcticbravertz,2450,2817,6006
248397050,false,stephend50,101,198,10678
1043496514008633346,false,nalaucz,521,958,26463
2842671219,false,alleerob,9809,10803,20229
1222390057669144576,false,iamdreamster,10,55,11
1161785066655244288,false,storiesofstars_,1374,1011,91282
247374089,false,anna_lolii,2,16,106
1218237504953909248,false,EDUARDO95782264,38,62,7524
1218379099871248384,false,agussunrein,138,127,2729
1244706093869211649,false,tearsrkive,2,6,28
289070737,false,ChrisDahlin1,146,954,36115
1106323687987441671,false,ruggeroasevilla,185,248,4006
328043923,false,KathyCooperBird,18,69,1842
1235927720464224258,false,bloood_out,131,2562,39933
883933223507693568,false,gracefolds,176,4991,70389
1321809420146208774,false,temanhidupwonu,935,930,12499
896477501144182784,false,kitagawa6021,33,75,2742
384219827,false,j_pocket1,14,193,1824
1303510411862577152,false,killug5n,201,202,1721
216869056,false,KSUwildcat04,181,873,10898
1325675294372503554,false,cohen_expensive,582,498,9596
48200575,false,Winshield20,4477,4965,209912
3226157119,false,lojauregay,166,356,5520
1244376204188286984,false,Skz_VRVR,465,501,23754
765877199580884992,false,holupeaceout,1248,251,375339
854984380556525568,false,B6c90o,441,445,24291
1119311837248376832,false,Deffrey13,3593,446,16577
22883576,false,inu_hebi,1126,1157,518672
1222851632594972672,false,pnksy644,286,4930,66291
1278322365668241409,false,PoppyRead4,54,1788,1878
160414011,false,DAYVASOSjn,956,1053,8118
1215587273229721601,false,Joel84617724,12,52,2541
3292223280,false,Jyojiriiin,1737,223,12639
1159678655569657856,false,Big_Boss19_,340107,201,376505
321780524,false,divakarssathya,5895,3333,279921
1285312003741855744,false,LisaGW5,16,173,634
1235309674813173760,false,TiagoFerro87,266,304,1621
1338628734019121153,false,mxx2112,101,178,203
1290406552826937350,false,cantyouseeloopy,502,568,17465
2623574145,false,Sophl15_,1274,2627,8232
187315617,false,afnc1959,82,516,1715
1306583453383757824,false,EmLK45,158,372,6217
1149461174511177728,false,julybelars,449,357,2067
1256726912543666176,false,mesannees,1234,1627,4605
1242567282381000706,false,isratlgd,242,468,1076
1016035401163735040,false,Mauro24394375,1245,2033,39668
1304895320753606661,false,_marcgaray,352,392,6009
120891690,false,DLGrenade,682,899,13407
2728190686,false,_lizmarci_,101,153,671
728840052,false,ehforgetit,24725,24629,107034
961653391373078529,false,paulsendhs,913,985,19780
901925739532087296,false,YesThatVCharles,3837,2955,88859
406545813,false,TreClaire,142,638,62493
1285984477777473542,false,Londons87677214,0,51,21
1105894202649513988,false,Chikgorita,451,1024,1069
1340825861696712709,false,https91s,603,567,1148
2252260969,false,KevinHorton15,4146,4973,114983
1311401446928273408,false,iwatyng_,75,106,876
1234670079695962112,false,whambammfam,7,83,698
1280866026377211905,false,tomo_kka,1481,1124,16605
1343439288780824576,false,Birah3KLtVTpMWa,0,0,161
1310517452963368961,false,takijam_0729,779,892,197
1332340500515356672,false,tinyames,48,89,395
1320231133842321408,false,galaxiews,1237,1353,6242
1268538614968958977,false,TheCoun38687631,0,29,819
1319355580549636097,false,agresteliza,11,55,109
977196553667358725,false,mahomahomoha,413,156,982
1343888720966008833,false,LIona19921,21,20,163
815396077591375873,false,azs048xx,1555,124,11536
1257060400694210567,false,Crystal72876710,210,326,69051
698503357984407552,false,GwynethTioaquen,927,439,42533
3820692973,false,mi73ka7_MIKACHI,329,321,29631
1151820784072974336,false,saicat2,22,526,2676
905732971218341888,false,keishi20001225,117,213,1197
1314166999,false,p_apisara,357,2114,107716
1005229910498168832,false,double_b1024,9,550,1287
1287656754,false,Pangza_74,11,56,105
1324966282140135425,false,Kenhuter1,7,291,1185
2429269758,false,rmarrone2,2039,4671,14975
1317075177885241344,false,KaTeHamycrush,321,354,287
1299293167351595009,false,_uriiii,48,597,4282
989546986662645760,false,iamblessedgirl_,168,552,3378
1315589407827619840,false,jenoityy,1015,1159,5003
1214146590,false,Ritterton,1125,2281,38516
1287850456966889473,false,zehragokdumann,51,38,403
1314748569627308032,false,GoringEmmy,162,317,1383
1222365315511865346,false,tiomarley_,504,471,4001
191600020,false,dener_tavares,328,282,17624
1188864674,false,ZvSkxz,349,448,16724
1256039445469552641,false,rodsquare500,74,91,1350
51535536,false,menddbruno,237,181,14896
1134068407,false,dvtavfc,1721,1475,97772
798358645075537921,false,fairyheal,417,234,76755
1180958648664768518,false,AGS88241715,253,363,3851
1248591758943977473,false,Vtziinho_,533,433,13704
2184536917,false,mollercato,356,351,11198
4739878939,false,eva_marog,4344,1042,29006
875845117285990400,false,serena_xm,6406,2290,25473
174657496,false,Leovaldir,159,344,5604
3184595431,false,Javi_Gali97,117,274,1137
1160742377465819138,false,alotofdickfory1,133,433,19297
1696393495,false,Shalala0n,353,4825,88883
2898331254,false,spsrx_,438,761,517932
1300877254415843331,false,SirnicSuzy,11,31,8748
2297847234,false,_BCHY3M,58,693,22260
723364701145456641,false,aponte_omayra,318,687,21543
1149675691002122240,false,HennersWise,258,754,2012
1206952319268597761,false,momof3_nj,363,877,2215
1343340618119065601,false,WeWantItAllBac1,79,564,3611
574046902,false,ceruleanpage,224,856,28196
2313899072,false,ranzosha,1125,241,653261
1071452091682410498,false,Saktuhari,173,174,4756
1158401625913905152,false,lilkobaftry,17,363,8056
468783338,false,MagaRhonda,4321,4957,187356
1570301388,false,mikisar322,2042,4992,55569
1343658892773867521,false,SVVH23,1,20,12
1273291280483708929,false,tktmashihoboy,104,376,16093
879521991232897024,false,Niner808,983,1258,3354
335760492,false,AshleySEstrella,43,317,2613
1345789648862208004,false,hamjin_0104,6,12,192
1284703725378920449,false,Westernwold1,157,188,2229
1319538438392041475,false,CraigeHamilton3,523,653,12607
833328950881447936,false,ultranostslgia,240,186,10644
1173916386571300870,false,prettsvenus,1941,2615,15349
1299032700620288009,false,NicolauGisella,12,26,219
214840715,false,marcio_bitt,154,172,8421
2181138151,false,VickyToneatti,116,93,3218
1308935120515223552,false,Nathan_ttnovo,126,149,114
1276789822951165952,false,eversincefolk,3469,3242,23243
1278729515120889857,false,lkaka_,234,178,5282
3143416094,false,1973rms,806,2049,18194
996225920716361728,false,TitanKing041,1069,1177,2992
1343926144769392646,false,h__tomlinson,87,148,2882
157804954,false,fash_prissie,908,404,28766
1086769363754123269,false,madmirrorbal,1154,1012,7393
765586025322348544,false,raslion18921,88,604,1640
601681288,false,Rowngin,18,37,1403
1246976219037478913,false,HornyDominican,6,23,153
1091089858750304256,false,IndexRover,2242,1658,45077
1260940338576986117,false,PajeroVirgen,314,205,1835
1311091120676446208,false,TheCatFromMars,547,1054,3938
333981170,false,cartoonhead39,507,1198,7607
1279189724821950466,false,_Savage_Darth_,62,2515,8452
782945687872811008,false,chwesunboy,136,325,79292
1265592806707531776,false,diogaovencedor,195,169,8095
953092852464128000,false,KoolaidHate,584,775,55842
1262525293,false,ameyoko6803,14,29,5417
453822474,false,TharineePooH,371,471,59867
1097141300665741313,false,priigalvan_,3,53,70
2639999778,false,HoneyFergon,81,277,1273
129418440,false,PattOVrien,243,2,119
1431906865,false,court968,418,1294,9242
1547002604,false,hudansi_kagami,718,948,46747
1312104174306369536,false,emad11445994,10,338,302
1300227215792263170,false,mbrady54199726,45,520,5838
1324742924027023366,false,Jackson36418408,121,342,1585
1268397646533672960,false,na_nay02,4,82,478
1130685339390029824,false,XxxYyyW,2844,3933,11336
1120243255055011840,false,askk222333,23,131,41226
1006453498622296064,false,ashita_ganba,240,1203,46573
1339210666503143426,false,enthusiastxkpop,31,593,1863
359374427,false,ayakakumi,4,253,2629
1338085621676404736,false,Pakkinstriker,9,165,44
3433589765,false,YutaKosi_96,57,105,20457
993901956396716032,false,Don_Sanzmoros,607,4999,87402
1223201710039949312,false,zzrarara,437,429,416
1331171107378872321,false,madaigolf,250,230,264
1063144175779012608,false,DarinOlson5,317,871,92749
1298216236967505920,false,PipeFuentes10,26,46,39
1072099331082088448,false,MYLITTLECATKINO,171,531,3420
1278172483179470849,false,susannablu1,1172,860,2830
2221706107,false,livsthomaz,1171,758,16994
1035534044,false,hogwspider,24466,9045,175630
1070433082040295430,false,nightingale_Yan,708,862,16201
956305413212901376,false,IDCBITCH0,1663,1316,23267
1304612974833917953,false,sheskindagoold,717,829,15260
1330065138460860417,false,lzeynorm,373,301,1158
1142907334206906368,false,HyperHeghog,250,125,18767
1304720396,false,WhoTrendedIT,13322,0,117561
349166859,false,paulor_jacob,295,727,106
462288784,false,Vadilson_Vix,570,4295,7223
1203807155377311744,false,24Antoniolobo,115,72,1807
1202331958191243272,false,GooniesToo,32,187,2954
1263470258607796224,false,ilovesfrogs,1583,665,62149
1230946563746340865,false,Transcenddence,0,0,7
74957112,false,subhabarry,965,327,2053
1147846169181077505,false,sakin4441,48,58,10685
767908871302242304,false,LigiaWintter,1251,558,81632
978047114629410816,false,haru_sun_51,12,245,3493
1297770903229669376,false,BillySelsley,3263,4995,10447
1092447139316289537,false,olivestacey1,20,201,1289
1345650616907878405,false,sadly70301671,0,18,10
4030203792,true,AEON_JAPAN,828436,10,8205412
1199603082734133248,false,yvyzhyM9C2bvRyj,18,15,62
114016778,false,MrMonthu,430,428,47598
1615158169,false,sansuke_2nd,462,385,1172
844934661016997888,false,a__nalo,7713,69,64964
2893407254,false,NeaneaNnw,108,80,11283
1280854866504511488,false,bukanupilasahi,372,526,939
1303580435818053632,false,kuronaFF14,218,224,4792
1069693783351193600,false,hamcam13,96,1480,5301
802970597089120256,false,lathdin,3909,924,27151
1227233356720398338,false,Akutiki_,317,327,3462
1041263899348164609,false,PanDaw_ktv,751,735,66249
1338397082256732161,false,F9NEHxd2UuUEFAS,6,9,63
863108401,false,carpediemer52,3043,4980,41585
72104435,false,dianevalead,2132,2220,51536
219980054,false,xerxeshowie1,311,2751,40922
2519514109,false,secret_faust,830,2151,270870
2314018987,false,ShelbyKStewart,64376,46658,228070
775011611832492032,false,AaronIsTheBrand,790,783,25480
1066942007120138245,false,yrds_15,151,403,8219
1234133012381650948,false,i62ax,87,96,559
1281065495916150785,false,MeninuZoyd,188,225,13872
1858425140,false,Keesh_vs_keshia,315,299,37017
1234995841364041730,false,verryspeciiiial,176,172,5300
780688441,false,saivilss,195,407,7957
1331793097332846594,false,h4rrytpwk___,1458,1477,2924
26614371,false,CowboyRT,505,498,31513
966128720921661440,false,JoaoPed89180809,40,35,16120
1260977878528819201,false,MarceloTarot,14618,201,6962
854013457909391361,false,lio_lccr,79,249,33416
1343614972165836806,false,zaynIuvr,250,193,4366
1001628570190536704,false,burgoss21_,120,468,9821
1335370961403531266,false,lowkeygwyn,15,21,351
1299792214441308160,false,ToomAli9,1593,1173,11535
1259522684117008384,false,zaydaann1,3321,2604,20790
1205509116992593925,false,EvolvingCitizen,694,3716,6670
3015048965,false,MAMMABEAR501,304,1034,3745
1187098145571909635,false,fazsilenciopfv,104,262,1119
86647704,false,floweryroad96,310,1122,107956
1229088583258169345,false,rocioobritos,71,66,5084
1186607165655699456,false,GannonSG_,163,181,1810
1276430847407616000,false,murayama010101,90,510,163
17659534,false,umackja,3621,4975,39843
2777054110,false,paigederfer,389,383,23025
1203262009804017665,false,Amrradwan50,313,756,1049
1285746801220485120,false,lamyae_cs,822,573,4723
1310926421087281152,false,Coco_Lily_03,733,807,14366
1041150365234716672,false,lala1011ts20,11,163,2952
1095657266546524160,false,MAAINN10,918,668,73404
882187078103998464,false,mm_nga,44,127,18640
92362356,false,GGreengage,1590,1661,6282
1213759885860454401,false,DIPLE_,4838,4358,37357
1316921792431271936,false,Kle_muri,205,210,14282
1932674172,false,avanti_labo,4027,75,21693
44927823,false,njoe02,507,609,144928
1258474063,false,Blaziaricann,354,314,9590
1126114530554023936,false,yaoccii,1202,1205,27425
844925294095970304,false,relax_bhai,348,878,11261
1116170058,false,MonsieurKoikeya,81153,3940,83943
106902042,false,asuka_0818,4,25,116
1323816666111696896,false,matchazelnut_,685,709,2000
1324908395829231616,false,Aunchun60873110,11,34,2415
1259339756128755713,false,SirStevenKJ,803,144,36981
810439435657441280,false,mcs7_ma,126,456,68661
1282969263985143814,false,JUN6W0N,608,459,4952
1345451274079125504,false,JVAslave_kuroo,46,60,182
1282983164672172037,false,MaybbBTS,2600,2448,9953
866950352,false,aimec18,3637,824,19613
110469106,false,JTMassey79,803,3561,45700
1263905200030564354,false,slymncvkq,154,134,174
882696759943802880,false,jhunethomp,1744,992,22930
1329274716385894400,false,maicena19,646,471,3028
1345500423302631433,false,whathelljonah,50,113,226
1316390581841649665,false,abikim_24,673,827,8002
1287896592880738305,false,KaraZorEl0927,1258,3568,9738
1184633233373323264,false,Nu7705,18,89,104
4861929633,false,Mycala_T,72,68,1386
1157792828728258560,false,EspinozauMonsy,428,931,9641
220056149,false,becazm,232,330,2600
1178016470476959744,false,0Plongstocking2,1101,2718,15209
760755829066784768,false,tazsiapa,558,109,836
2771100609,false,Jocon15Joni,265,236,922
1884054806,false,zmrocze,1211,832,152843
1305545302120837120,false,Shirl90422701,230,226,20125
238960198,false,lmar183942,241,479,17537
138084435,false,_NaKeR_,6900,5433,179778
1245909959612592134,false,Pxpie1,218,43,624
1133361330004537345,false,tinytca,10,271,10781
1291570704287031296,false,milktea20009020,139,128,531
441770643,false,pearse_o,240,205,5207
527507283,false,ZakwanAswat,597,420,55616
960658803233558533,false,hwachaotic,3448,462,41043
1309784371692367872,false,pangpangyem_07,122,454,11042
781200793198219264,false,jzmjzk,44,162,131332
1318560696808898565,false,BSuaveto,10,361,742
794358570150047744,false,tomomi_rea,5167,1575,51986
4688918070,false,mymintchyyyy,6,192,4188
851790360258920448,false,anko_monaka_,672,613,92879
1040142264322875392,false,MJmaryjane__,779,606,99534
1176079663631724545,false,masa12345321,10,617,6090
870607316906913792,false,AARYAN6515,1921,1951,40140
94950524,false,_infinite_arms,590,1475,25036
938342160,false,Sauly_bauly,152,402,3779
1071056335314145280,false,n_kumagai0925,237,322,23172
2733806454,false,1977chobson,206,127,3739
135062154,true,suzukicojp,181400,3774,200523
885332185,false,aw676869,0,7,358
1307774377837162497,false,fake_edgy,5,36,40
1154331370329653248,false,D0rciak,643,642,5894
1338935943567446017,false,banidodelvale,119,118,3006
2980203142,false,Turquissmo,216,620,3274
1242214058,false,johnsilverz,1566,4999,111359
157519865,false,dinhovg,826,788,11324
810579863438561280,false,Lipasilva13,84,44,61405
1254157405438586885,false,MonicaF22001746,21,59,436
721344034757820417,false,TriceratorMH,83,303,9664
1158128716037464069,false,NEVRBEPERFECT,990,650,17888
548497069,false,Raeebae_,1200,980,68376
3365291,false,Nick_Mudry,3540,1023,3592
1342142861324775426,false,RafaelIzturiz,40,75,2461
1334627600589787136,false,Japalitoral1,111,895,1378
1211400938776219649,false,1neocity,30,127,3375
1272624908,false,Eddierolling14,360,276,144715
1221745992933965826,false,Ayamag123,3401,689,6126
3006569856,false,elnykus,360,429,83286
3409128153,false,jatpgames_,122,163,66
839529596353720324,false,Amazinggrace2me,6449,7062,144197
246078178,false,alexandbouc,192,219,5694
929129828196016128,false,signor_Wilson,3308,2992,118381
1149355281123553285,false,TomBradyGoats,3692,1415,4210
1344400628223791107,false,2021Luchadora,336,839,2459
1330140471725842432,false,YOUMlSSDREAM,1912,2458,1782
3168163802,false,DominoDart,1432,4042,44460
1287204422909534208,false,_caramelcatt,239,680,2262
1288282046561804288,false,dailyhyunie,194,87,463
1117858325650202626,false,BullshitTtfl,101,116,144
21276537,false,Kymberlynn1,45,331,151
1276081134661562368,false,madeline_sb19,1221,1187,9780
1086111780064120832,false,Palpitando_,516,737,14709
103589557,false,tejaschogale,227,392,38842
970512877202239488,false,timeofswan,326,251,26592
837879904096022530,false,lululuqman98,27,135,2659
2385076202,false,daiakekai,1974,251,256719
1330884660600008705,false,nababaIiw,277,268,2244
949072672171835392,false,jnkmingyu,2021,1293,70435
1038332786732544001,false,ePgs04mArFSOaeE,1085,1824,23179
1248781801046151168,false,shrimpmoani,824,735,5175
19008900,false,erichards24,17876,17300,162696
1323906251793657856,false,xiQ12dyYEAJk4B5,97,235,353
1104945622900183040,false,_rodrigos___,179,258,5770
1218034098112991232,false,ccoquemalaa,275,145,19199
902927299162628099,false,PharaohSSB,681,553,14496
1196175371210821637,false,pretzelsootubbo,151,256,2076
1202205429696204801,false,fjcm06,109,643,3993
1332139176830136320,false,shexlouis,1275,1180,4304
1305222029117972484,false,NasirBrr,578,442,3905
1633449266,false,iaminesplicable,1760,1120,46222
1306631096092758018,false,Rz1N_,322,423,13081
1242596513219477505,false,alexandra222003,5537,4650,379
1220415644497215488,false,pashkendr_,223,384,5141
1296258583877890049,false,3budi_1,103,468,5508
441633174,false,clement3_,651,225,39971
1205371060729851904,false,lynelheart,166,387,10231
1090345498664423431,false,leg_record,68,262,1294
2912189180,false,x__b00y__X,10147,11103,139772
3235716297,false,aliceabovestars,101,314,355
20283223,false,nephrastar,943,2913,32246
1335973732075130880,false,radfemargenta,350,377,2447
1299447823830843393,false,styllescherry,2173,2590,6326
1008092312742891521,false,Chelito_1889,91,73,6442
103435050,false,yugaspriest,353,1473,54559
1313892009216802816,false,ultralightPOWER,168,256,2514
1221338834677354496,false,yubihand,510,512,283276
1309544025796509698,false,oh_pieri_,75,373,2809
1344311210104164352,false,the_chaemin_,2,2,31
453386244,false,Dayphorisms,198,1033,4614
1305305659303489536,false,DeannaC64327836,139,35,753
1241784255383891968,false,PartyAtTheAllP1,202,301,1340
3180664322,false,Jasmineeeszxc,255,754,62388
1214664370212311041,false,Man604Mountain,33,152,5156
384219827,false,j_pocket1,14,193,1824
1266487556914503686,false,EFFIESANGELS,618,883,20353
2681190760,false,GiacomaLuis,78,103,10411
1304353602329128961,false,GalapoJuliana,54,1190,4054
241270699,false,MeirelesGemeos,411,561,2962
2330416585,false,lorenagb33,533,339,5218
1333547614466416641,false,namuskin,1415,1425,2879
1058909953,false,EmmiOlaluyi,1023,839,5994
245904103,false,EA2xx,1378,476,61239
1204660685008986113,false,markIomI,1821,1754,26917
1302286397773094912,false,_J29D,137,219,2521
1128085452030971905,false,ghstburz,1085,1064,14220
814238645402140672,false,starIighty,2291,2292,51264
1040976018037780480,false,Tocantins79,5577,6120,135117
950599624015794178,false,Achiwalll,66,147,17214
1243322654700044288,false,91KIWIP0V,1566,1458,4511
37446381,false,marciviolin,16,52,1755
1140806144736317440,false,Cullen7891,50,470,12875
1342819476161536001,false,SttO5wLgnDQYGpJ,61,62,74
1179454871004688385,false,taeilwrlds,190,251,5156
1253785512420282374,false,larxf7,334,186,13385
434709105,false,class_s_nobody,157,2359,56889
1120137239768358913,false,yoonyoon0505,169,186,36
816256028,false,btonazariophoto,225,1841,1863
981108668241293312,false,Ashliieeeyyyy,312,244,4134
228396581,false,Real_DonnaMarie,814,888,16282
1193469290478882817,false,kamekichi121212,43,56,1034
1106142690855403520,false,Q7jcIsmkOUHu8Gi,352,231,18463
86180837,false,ismaelrm19,257,392,50753
964116942809214977,false,B_puppers,0,0,18925
243846406,false,cinemasmackdown,174,1228,90131
1278424845425037314,false,H4NAK0O,179,184,2785
1260563866250997760,false,mu_na_shi_i,40,121,1499
1271139471178657793,false,BoozyBlair,202,416,11133
771337866743996417,false,ajistyle,879,1320,74795
620182723,false,MohankumarN3,800,689,8665
270763597,false,saypha,243,474,76270
2228319109,false,kaidou851,90,134,42902
1220267727337578496,false,sam_wachuchi,120,143,347
1212210947483258883,false,mikeo_psycho,524,3328,10971
40377928,false,lisaforero2630,204,600,8168
1291158514476257281,false,snyn_3482,16,24,527
1213421896269619200,false,LSjxkeD,161,353,6441
813503920433668096,false,alvesvivic,2872,872,37574
32545260,false,Jota__Ese,2491,2951,318808
1282026718094675968,false,Jonathanelazul,406,200,30767
478033685,false,ersenshnby,542,1693,2603
1345897616299749376,false,mininbot,0,0,4
1334277834324447236,false,LRob2809,108,153,11068
148829272,false,oswaldo_33,53,83,2936
186186656,false,_YOUNGBABY_,3746,834,28641
1314418117901246465,false,bar_swift,75,112,3786
598868525,false,dvrnex,2828,1635,76690
1286154370946674688,false,R0SEPTLS,3495,3512,9801
4613816439,false,t_odora_,5272,640,86650
799608443355144192,false,MarvinGardens55,829,162,174240
1419564175,false,kerollynjp,3,26,44
1246715738183745536,false,poruchio_jd,50750,99,11451
624848160,false,blackey905,394,582,48448
2886019788,false,JPpPMD,102,198,19297
794657096092499969,false,AirosaPerspicaz,74,178,9284
1140540740529020929,false,bcxlo,151,20,2172
3138541424,false,yosefin_tania,126,728,2403
3267901164,false,sanahiro3737,807,2542,80039
925498790684930048,false,musica_bayern,96,67,378
1298359975333388288,false,jungksexy,232,312,19794
1239153145785094144,false,nicomfmf,53,73,601
1206040905951498240,false,GFZHtVZFgDi3PMk,439,666,11075
1342775426603610113,false,QWkMmEXVcqYEXCj,150,256,361
1283734124042153984,false,dlwlrmalr,753,295,104814
1212935332192112640,false,locky82903378,319,506,5166
798952434429108224,false,Deplorable76,109,204,36966
742085711466106880,false,Elepitts1997,2711,4980,66993
1304398390541783042,false,9DRTxUTCTfrMk4X,12,41,338
76178717,false,as_per_danielle,4542,3175,27422
2383812842,false,JacobCpl,5126,5080,35972
1333510410654392321,false,Laudys82519845,94,50,10738
140697411,false,hsbanik,1642,2524,85777
1287925227893260290,false,RadioTrajeada,173,280,7393
772467764610994176,false,ginguh_cupid,177,220,32141
737989496365449217,false,InfoItomiku,365439,217,41570
1311518003083739136,false,hj_3s,798,759,2464
1195528159610974208,false,wifegen,991,1007,12061
1150905044407132162,false,donutzinho_,46,152,2225
1341062090535133185,false,bokgin,284,217,1137
1252980676443484160,false,jjwatsonl,90,265,3385
1222537226590064640,false,qdUt5Xp94pWfqXv,8,2,1822
890829983010222080,false,i_zayn_,693,205,7510
127638116,false,Carlosu67,25693,424,54141
355183559,false,SheIsSoVogue,0,14,118
1300232646178623489,false,Ashplayzroblox4,9,32,688
1255873126132527106,false,Elenaa_martnz,303,480,13388
4862566766,false,lucasmeunomekk,106,109,3270
1107431797749673990,false,LiterallyVibiin,278,840,4696
147772796,false,Kellyalbarran,357,509,5108
743049511778553859,false,taenniegrr,3997,3840,55694
470346737,false,CharleneGaffney,96,775,9618
1070142232307662849,false,baggfiles,500,183,4473
1066872374820139008,false,novillamarjoo,557,474,4854
184818314,false,NayyirMomin,265,271,1245
1273713716056522753,false,NintenZ,1833,1011,20326
1079313630192005120,false,googiemendes,1614,1615,4040
979903970490564609,false,8sesanha_bocchi,94,102,9835
1152422747294687232,false,_XdAnxDD,552,575,28453
1293865456349016064,false,deper3si,938,946,16013
860239616,false,VioleBilloud_,3164,890,57905
982844801857929216,false,baegyo1_73,33,42,4622
4237861572,false,saharin_kagu,117,92,8398
807838456537878528,true,TheAthleticWISC,5468,126,8591
1314362864371601409,false,eternalworldd,1149,974,16172
2851717334,false,seiradou12,9347,785,64543
2308055749,false,Minsosay,198,147,71677
1317988295196909570,false,Nr9Symphony,42,68,1109
1216322522695626753,false,Chumky17,6,54,1489
1264957528489766914,false,Reno40000,113,229,17994
999899499433672706,false,marysonsss,212,189,15789
1318904668463005697,false,arzbella_,19,67,104
1128761359632687111,false,_AP33,13630,14971,40211
3003618142,false,garethion,585,359,58559
2604030131,false,sammmcaillot,935,587,37344
1259170714659291138,false,loaizaoscar_,1012,328,1548
1341108104730185732,false,zehemayb,641,686,407
967075809797267456,false,_sanaina1,799,537,4486
1163214436854898693,false,lynalrs,727,740,8960
2249350219,false,pogodabydgoszcz,190,68,87073
1189295272192630786,false,ULK_Admiral,821,240,5611
1032986846836535296,false,Bluebunnyjungoo,114,883,4165
720367022224179200,false,objmajor,372,254,7823
1311427363880734725,false,comentslopes,1780,242,11287
1254404252946096128,false,Lilian_Direita,6167,6149,13024
987581593987551232,false,Ohlorditsagamer,28,168,1156
1256015042677559296,false,CatalogScanner,4369,4,75686
468585496,false,loloiaa,316,203,27915
474186941,false,TerranceJDemons,1199,3287,45923
1272045363973828609,false,HimselfClutch,57,151,357
1284617882962452480,false,NoeliaM46598462,73,221,2480
102791324,false,Cryptobaxter,154,295,1124
1322086627972243457,false,bvgctti,2585,2640,6793
1285482556343775233,false,Rillyx_,232,259,2052
1175782235955322880,false,gloxinxi,54,598,34688
1345296553892663296,false,jarinptrii,70,85,80
768364845846581248,false,MMie_meow,343,871,164467
898168527407808514,false,KitCanizares,66,216,1234
461358117,false,JasonBaker555,56,196,1452
31680158,false,MShey17,249,666,63739
851211343600336896,false,tetehkaorii,1025,1025,15048
8063812,false,OrangeAnon,324,212,157437
32663555,false,boxersforlife,47818,47752,357086
598071729,false,SLA_GGER,967,693,680460
954875749,false,LOGE_MH,317,3026,380509
1323331561316446209,false,R_2aim3_u,109,103,406
1313248995909808133,false,AghsWholesome,203,534,5311
978130609280200704,false,KillerQueenjk,1263,1286,20548
1311306414489362433,false,Jr040492,196,250,4436
35615243,false,waffohs,4549,503,92252
1295905469773488129,false,yes69803581,27,126,2211
1307172899619438596,false,auroratopiee,316,425,2728
754516832992632833,false,LeoG710,132,223,11201
1241189009369387008,false,anan0059,81,260,27447
1188360258336374784,false,MicroTrashPanda,1500,1755,16088
1186396906756296704,false,PJMG71636355,64,280,109194
1122230679260016646,false,moraesgu_,280,764,12761
2936016983,false,sadIyjess,4433,2993,136905
1273627297774317573,false,aiurslazwone,978,1050,18049
3392744170,false,jpca2001,53,75,1494
1216423097370337282,false,JamesPromoslave,15788,1401,28142
574825891,false,hindmo7ammed,13,50,68
3526713853,false,yas_n3,741,78,221045
201858612,false,Mattysquerades,370,1591,26899
2170700151,false,_ttarra,1469,286,3085
1389421824,false,Vzla_Translated,51,264,5893
1315906029490765824,false,Eva1Mary,46,316,8835
4333620269,false,WestPedroca,174,2776,656
538153433,false,_IASPA_,1413,1512,4844
1197697943173763073,false,astr00berry,171,300,6135
1291587488180514822,false,claxkin,2211,2286,5350
1283961750635806720,false,inferno_cherry,144,312,15914
967160837508157440,false,malikshepherd13,310,468,100886
3925601234,false,daneejanon,122,161,227901
1299269993335463937,false,uguisu_bungou,36,47,4506
853795098298990592,false,CHOMPYO_,389,1245,159475
3645534691,false,sweetandsournoe,192,4894,71379
1318903975907749891,false,oiiiihyunsuk,1265,1260,10441
2318405838,false,les_chiennes,32,70,2775
243922835,false,kamomemura,448,105,15514
866435072412405761,false,_Lemon326_,2168,3768,206831
3836314098,false,feihongyipp,61,53,1889
1153823049722073088,false,ar1stocrate,1014,795,28128
1158073599661498368,false,kendi_moon,483,153,16694
238310960,false,cmcgowancso,468,2698,48269
1293333525676978176,false,Keeeekdasneek,143,158,1009
236161910,false,dodongo4056,390,178,121050
1005593878743920645,false,BlitzVideos,25460,1075,11170
53855578,false,ch0z3,215,491,5657
1214410502660665345,false,DeyvidBoaes,22,131,80
1091578023600668673,false,HustleMo1,602,59,3756
1078877007658840064,false,_abreuzin_,402,307,6867
1294021998683787264,false,julinha_cassi,330,247,615
1091451552429166593,false,NicoleeER7,639,455,3065
968251450013995008,false,ChuckkaBoot,461,699,5210
910263691,false,Catablancoo,587,479,7471
889600522688376832,false,ihatedoves,1713,502,101725
1076017958395219968,false,SamiClouded,398,195,16738
202379671,false,MeredithWathne,1037,2577,11463
1267201892343517190,false,1999Yuung,2623,668,4146
716509320,false,TamenNonCasta,3226,964,51087
778403366082842624,false,may_contentetv,8,137,194
585557737,false,bonnieboyy,37,59,616
928776879770914816,false,Jackzo10,257,703,23638
61010640,true,iamjennashea,481590,12663,89725
846904260293910528,false,Tierra_Tv_,800,783,84296
2175293826,false,staceyb00_,7,39,89
1282476813168660480,false,not_miaZaaar,65,295,1221
2903425760,false,acacia_exec,657,1146,3048
1323266482411761665,false,xmtrading2,3,0,3087
968553350,false,TewBlack,16741,8922,433
1334449732299591681,false,vMUoHlZYHkJct1t,0,4,575
1299059017784885249,false,billdautrive31,1942,2973,20289
406607920,false,jabronistone,113,310,5483
831627967910510592,false,Alejandrobc29,79,142,15337
2809226846,false,shimizu12121,42,560,7042
796408518265815040,false,miiisuuuki,1707,289,5667
17743021,false,xwave21,1551,1693,72106
1002653935344259072,false,jubzktt,616,810,10628
1261605691892142081,false,Bralnly,338956,93,40426
2533362416,false,HypnoticComic,173,247,2922
1345549728172281857,false,svt_zin,270,363,596
3284334247,false,Kamrenwilliams3,93,222,764
20430247,false,enlightnup,7324,7984,237490
1262761741894574080,false,TreasureTMaker,2782,111,10777
1345620838628913153,false,Khari37258366,0,0,2
1319390138921848837,false,dodo_668,32,33,120
1169753829518336002,false,salimaltundal3,313,251,632
163059877,false,paaulamantovani,1561,792,18846
1025469570205843458,false,Nanzincardoso22,1918,5002,13412
1661467392,false,mvargasc5,304,305,2231
1300836930364542976,false,descarguee_,0,3,20
262956696,false,Yngriddss,4097,4153,23501
1182741425747836929,false,xumashiyong,230,311,5806
96826988,false,EBenjaminRajo,321,618,2972
897587725536251905,false,swpremethunder,644,844,33500
3077593090,false,santividalok,1288,3730,6422
1252312892491419649,false,sof_walls,151,211,824
1561339238,false,sundxblas,205,400,2179
710285707911237632,false,camillybompet0,2445,2721,63744
614421259,false,FFOODFESS,139253,16887,156622
465071202,false,ussj29,140,1956,10386
2354175474,false,Voxy1433,581,644,7189
1023622705491390464,false,oteyza4,24,305,2878
501128352,false,silva_jarbas,5516,2780,58582
854951679132745728,false,pikabloo_,1959,562,16602
1211572997854613504,false,vEYzziHJEdVVmXv,1680,1804,12872
829508306917994496,false,microrockets,4672,1226,48165
1953705924,false,HkAkito,46,396,11532
1300844321747263488,false,KathyRi10517845,76,574,91
2243008824,false,fromthestyle,5542,4106,13087
1047684222171795456,false,HokkahokkaP,210075,3043,1486439
789427611441082368,false,kawasakiz8513,263,350,4210
1726560996,false,victor_dr47,42,3034,2755
894550800583630848,false,Ageha220728,3,45,2023
1238348415517376513,false,Chorahoni_211,765,811,36630
1306763400907612160,false,snowball07_,269,1392,10584
1258263951738953728,false,BoastgustersO,421,375,33108
905224309735546882,false,poutyfliez,466,623,4179
159325876,false,yukko_0616,1334,4301,53820
1180141760250445825,false,MARU040228,7,181,2323
813588287386505216,false,JeremyCardena20,396,5001,25828
1331000596678242304,false,anaaluizaa3008,155,167,752
1025315018,false,blanca33134,96,242,23632
223142207,false,TheOceaneOpz,27281,779,29468
4904857247,false,Joseposses7,275,674,14352
1226796522894954496,false,unluckyVAL_,195,174,665
3290406463,false,AIhsankardas,21,187,771
526961140,false,lizzie_bebe,4105,862,105447
15666343,false,DJDiG,2953,4130,47667
1106569004859179009,false,DisMomKnows,1355,543,8490
1306593609852923904,false,ZaliBo0,17,311,4468
749900634342711296,false,nevaehjashae,245,313,4057
51601504,false,AbrigoCD,1156,1691,70120
1284856340800770049,false,ChMaglis,347,411,9474
1300508322810953729,false,localclaire_,38,184,271
1175142765535125504,false,_lizlayne,152,293,9124
1309072511053836288,false,GodSave6T,349,404,12893
3060652375,false,kiaabia,1206,877,41715
1311784334202990594,false,angelofhyrule,171,471,12166
320573419,false,dao_wacharamon,487,1134,47914
809133289764229120,false,OllyGoo,18,88,4032
46337021,false,netnovel,169,317,8005
148683157,false,syucarin,212,266,65887
1257736439598583815,false,Nour70985132,263,688,2380
1180188999882870786,false,AndresGomezLar2,10,95,838
4701767906,false,koukaisuru_iti,126,118,97251
250940521,false,ashdq,336,540,11384
177501311,false,holysanddyy,204,464,211744
734591828578697216,false,peachyyiii,119,524,216669
1304800723142541313,false,kirbtyun,638,651,9957
2393296669,false,PatriotsNV,3592,572,97954
979150100252344320,false,sujimchu,3688,388,26766
541508182,false,Tarot_Psychics,8212,9043,16545
798482729532694528,false,GSD_hide,6150,6021,7632
1335877596601606146,false,alwayssweeths,62,101,869
1293583625800294403,false,dlariazvi,228,276,5587
344888071,false,ClaudioRivelino,62,111,24563
236025638,false,slavespain25,2047,5000,11801
1318511843913203715,false,kokomele1,766,1386,315
276796295,false,STASHtheGOODS,236,314,41811
1328284546446610435,false,DENNISB44251998,68,88,388
250230250,false,nanpajizou,1752,1814,165436
1173546593263456256,false,tkxfullyatz,7240,8353,60561
2861320444,false,liv_mowery,398,335,32195
1308914165071872000,false,CarlosC07848758,133,2300,2940
1199012939489038337,false,Adriana35697252,1293,1356,13872
1345077374124228608,false,Teebone21307069,4,239,142
1112813568808939527,false,sssnnn3c,25,130,3
66802857,false,hannlaub,338,704,24924
784817806898364416,false,SunshineLK10,25641,18376,191050
1252414030112849920,false,cartierluke18,4,114,46
588859689,false,60east909,9300,5779,15296
883120655541170179,false,d1gitalgf,2778,983,65256
2879603402,false,neotings,51,182,22621
1066736395048361985,false,ChiefFacer,35,259,923
81815923,false,roka_,72,163,21917
440499596,false,u8arms,298,553,35576
1283985162041061382,false,bluusoojin,73,79,2243
67990612,false,Dawg_Girl47,597,1302,27541
1226733953366675456,false,WatiKinta,2316,816,4029
1198163058725539843,false,jcksnwangny,675,710,2358
1277907259792568325,false,Sanki0806,1361,740,9745
740016486,false,zxeidra,236,481,4708
1971165954,false,nrlsykn,318,126,9249
1217269276383510530,false,vulgocadelinha,127,132,11408
1268519254912929792,false,24kohinata,986,782,11988
712389193662599168,false,AscendantShogun,122,965,15557
798750164,false,JoshiRakesh2004,3610,2382,545440
1144532982973095936,false,eyyyrey,457,369,37764
1231793446404288513,false,Lissa9110,2817,358,52282
4247535206,false,robbing_,3231,1044,42045
3943417034,false,Gif_Youu,199,120,464837
707994809752018944,false,grazilais_,2314,526,110678
1316276464581578752,false,alwfa003031,101,651,76
179593207,false,FatimaLopezFem,1883,992,10908
1279234895001407489,false,KingBrowndy,269,611,12826
1271584174701453313,false,nzibu_x,624,548,6079
1262373641616064512,false,khaij23,12,123,10
1319654731317452800,false,fartguru,1,3,67
1056973838867685376,false,CONTAPARASORTE3,15,409,174
994904215,false,naona16,81,279,39440
1101453145576636417,false,Cold_Heart11,8381,240,43886
1132080995660967936,false,YERIMNlST,3056,2786,74812
1229902636322717696,false,jaemin_haechan_,133,144,365
1332766662144233472,false,Humbert53954898,158,253,5567
123401522,false,str8smak,3747,3229,202699
908725400028753921,false,Drewmosko,134,1056,5981
1300453800495509505,false,sleepylupone,196,362,2052
1333919193402576908,false,Liddlelamb1,1,9,22
1266694498857267201,false,tilaczz,17,61,7503
1305712268416409600,false,rNhTANFs8P0u80h,1595,3774,13299
1070147891942092800,false,thegayblubirb,127,253,7723
1312433501535449088,false,tiresias1960,3,107,1214
1240048862208970752,false,stylesflx,193,304,406
2505993487,false,MMZen11,5334,5493,147934
1051248491719098368,false,SDcard83852145,252,299,4032
471397471,false,alaasocareless,721,537,23356
1315358556548259842,false,wjfjesiwl,12,3,66
1302052848,false,andrevazin,21,192,2092
1343511228946108416,false,L3Vp4bwsRzOxwDG,21,20,121
4126211308,false,ii55ab_,2937,477,38575
925337592098205696,false,momomin50,211,540,3687
1327080325361541120,false,BubuTiwaiii,10,121,409
1160050041265897473,false,sunagawa_1108,7,75,1177
3301403608,false,roadster_wanko,3621,860,24922
1343881881679323137,false,xiamzz,55,102,838
2235492531,false,yellowggio,1617,2097,101328
1029994709559603200,false,sparkyblizzface,29,118,1802
52297853,false,JayyaPat,388,84,50949
1288219753337643009,false,mhyou7,5,20,1057
353963176,false,MariaSammutMasc,2538,4997,249081
751416189352501248,false,rsjhdodbsp1980,91,284,6322
838083401332641792,false,DonaldLondquist,49,336,34574
3347400253,false,nyasan123,532,444,39153
1206634275661107201,false,Ktk7881,7,99,661
829168688070742017,false,tlpwistra,357,768,20007
1228101760960647168,false,galfent,1241,140,11910
1300892452732186625,false,moneymakingmete,72,104,430
1029381964955049984,false,bijeszsie,262,225,20562
1316361140927111168,false,Kira34913578,67,173,168
1262726073399349249,false,bibisil00261204,26,77,342
1325221123039096839,false,ismaeliyo6,172,799,665
912433074012655618,false,somosaopaulinos,15484,853,56643
16807985,false,Joe_Roma13,57,514,799
1245370318916591617,false,diorykyun,100,281,1125
1339839292344918016,false,kiraikietene,4,7,44
4768669556,false,Tmg___47kg,176,58,8
2347443571,false,Travel1950,758,1268,25572
1011639633430614018,false,Melodie_3186,443,1025,15768
2497239341,false,francescguzman,46,312,1421
1178371259056496640,false,butterflyangeIs,601,2016,17824
1137032042544324615,false,KalebTris,8,98,293
2967251266,false,poohlushhh,1344,500,70265
801254579899797504,false,jocelyn_jossy10,101,137,5892
1278963414879006723,false,Balram98456613,64,379,7632
1278122350420963328,false,PAsUTa_0729,103,249,17017
2390651046,false,watanabefriend,779,2753,67491
1253654579230707712,false,JoeHottel2,109,1957,2795
1147690981514285057,false,kent202010,1743,3820,39923
1308352271546155013,false,ThakurV54042119,1,123,16
914601790859079686,false,khossainiqbal28,1225,4891,6988
536850135,false,kororinkuro,233,2933,43964
1425286370,false,7abesan,253,999,69918
44660857,false,havok_mind14,73,494,3427
4084669278,false,gin_Annon,1846,1553,16547
120975539,false,YONGD77DRAGON,98,216,91980
1187355945564721152,false,wssgi,16,138,39259
853078144936361985,false,rainowned,224,177,10867
701154302484570112,false,DianaBlakely,99,319,417
753161374109347840,false,HcuMCtA1nfGhzLR,359,679,26205
1068225814913785856,false,Tiger92534875,63,405,13967
259132254,false,Sauravsilvestre,278,1332,5101
1002512076240084992,false,KPCHP_,57,534,67350
1089558300830531584,false,newscastjp,1966,0,38643
